fecha,usd_comprado,bs_pagado,tasa_implicita,tasa_bcv_mes,tasa_paralela_mes,impl_vs_bcv,impl_vs_paralela
2022-08-01,100.0,602.0,6.02,0.0,0.0,,
2022-08-02,80.0,480.8,6.01,0.0,0.0,,
2022-08-12,20.0,122.4,6.12,0.0,0.0,,
2022-09-05,110.0,908.6,8.26,8.2,8.32,1.007,0.993
2022-10-24,40.0,360.4,9.01,8.59,9.03,1.049,0.998
2022-10-31,30.0,270.3,9.01,8.59,9.03,1.049,0.998
2022-11-14,100.0,1064.0,10.64,11.07,13.25,0.961,0.803
2022-11-15,160.0,1737.6,10.86,11.07,13.25,0.981,0.82
2022-11-17,20.0,230.0,11.5,11.07,13.25,1.039,0.868
2023-01-22,20.0,432.0,21.6,21.9512,23.11,0.984,0.935
2023-01-24,100.0,2199.0,21.99,21.9512,23.11,1.002,0.952
2023-01-26,20.0,464.4,23.22,21.9512,23.11,1.058,1.005
2023-01-26,50.0,1161.0,23.22,21.9512,23.11,1.058,1.005
2023-03-17,30.0,761.4,25.38,24.4968,24.72,1.036,1.027
2023-03-18,20.0,507.6,25.38,24.4968,24.72,1.036,1.027
2023-03-19,20.0,507.6,25.38,24.4968,24.72,1.036,1.027
2023-03-19,30.0,761.4,25.38,24.4968,24.72,1.036,1.027
2023-03-23,250.0,6420.0,25.68,24.4968,24.72,1.048,1.039
2023-03-29,200.0,5050.0,25.25,24.4968,24.72,1.031,1.021
2023-03-31,90.0,2243.7,24.93,24.4968,24.72,1.018,1.008
2023-04-10,20.0,498.4,24.92,24.7304,25.63,1.008,0.972
2023-04-10,40.0,996.8,24.92,24.7304,25.63,1.008,0.972
2023-04-12,20.0,501.2,25.06,24.7304,25.63,1.013,0.978
2023-04-16,50.0,1227.0,24.54,24.7304,25.63,0.992,0.957
2023-04-16,40.0,992.8,24.82,24.7304,25.63,1.004,0.968
2023-04-30,80.0,2048.8,25.61,24.7304,25.63,1.036,0.999
2023-05-24,10.0,275.0,27.5,26.1639,27.67,1.051,0.994
2023-05-24,20.0,550.0,27.5,26.1639,27.67,1.051,0.994
2023-05-24,20.0,550.0,27.5,26.1639,27.67,1.051,0.994
2023-06-08,10.0,281.6,28.16,27.8546,29.04,1.011,0.97
2023-06-12,10.0,282.7,28.27,27.8546,29.04,1.015,0.973
2023-06-21,75.0,2152.5,28.7,27.8546,29.04,1.03,0.988
2023-07-14,260.0,7982.0,30.7,29.512,31.58,1.04,0.972
2023-07-28,20.0,637.2,31.86,29.512,31.58,1.08,1.009
2023-07-31,40.0,1260.0,31.5,29.512,31.58,1.067,0.997
2023-08-01,60.0,1896.6,31.61,32.5079,34.17,0.972,0.925
2023-08-01,40.0,1264.4,31.61,32.5079,34.17,0.972,0.925
2023-08-15,60.0,1980.0,33.0,32.5079,34.17,1.015,0.966
2023-08-15,90.0,2941.2,32.68,32.5079,34.17,1.005,0.956
2023-08-21,149.0,5036.64,33.803,32.5079,34.17,1.04,0.989
2023-09-15,10.0,346.0,34.6,34.3009,36.39,1.009,0.951
2023-10-25,90.0,3351.6,37.24,35.1276,36.92,1.06,1.009
2023-11-20,50.0,1856.0,37.12,35.4939,37.07,1.046,1.001
2023-11-20,120.0,4454.4,37.12,35.4939,37.07,1.046,1.001
2023-11-21,30.0,1113.6,37.12,35.4939,37.07,1.046,1.001
2023-11-21,100.0,3712.0,37.12,35.4939,37.07,1.046,1.001
2023-11-22,15.0,556.65,37.11,35.4939,37.07,1.046,1.001
2023-11-22,20.0,742.2,37.11,35.4939,37.07,1.046,1.001
2023-11-22,20.0,742.2,37.11,35.4939,37.07,1.046,1.001
2023-11-22,30.0,1113.3,37.11,35.4939,37.07,1.046,1.001
2023-11-22,50.0,50.0,1.0,35.4939,37.07,0.028,0.027
2023-11-22,50.0,1805.5,36.11,35.4939,37.07,1.017,0.974
2023-11-28,50.0,1763.5,35.27,35.4939,37.07,0.994,0.951
2023-11-28,20.0,745.4,37.27,35.4939,37.07,1.05,1.005
2023-11-30,60.0,2217.0,36.95,35.4939,37.07,1.041,0.997
2023-12-05,40.0,1511.2,37.78,35.9305,39.57,1.051,0.955
2023-12-05,40.0,1511.2,37.78,35.9305,39.57,1.051,0.955
2023-12-08,60.0,2259.0,37.65,35.9305,39.57,1.048,0.951
2023-12-15,75.0,2802.0,37.36,35.9305,39.57,1.04,0.944
2023-12-15,20.0,747.2,37.36,35.9305,39.57,1.04,0.944
2023-12-20,50.0,1913.0,38.26,35.9305,39.57,1.065,0.967
2023-12-20,50.0,1913.0,38.26,35.9305,39.57,1.065,0.967
2023-12-30,50.0,1956.5,39.13,35.9305,39.57,1.089,0.989
2024-01-10,10.0,379.1,37.91,36.2032,38.39,1.047,0.987
2024-01-12,50.0,1916.0,38.32,36.2032,38.39,1.058,0.998
2024-01-12,20.0,766.4,38.32,36.2032,38.39,1.058,0.998
2024-01-29,230.0,8742.3,38.01,36.2032,38.39,1.05,0.99
2024-01-31,50.0,1909.0,38.18,36.2032,38.39,1.055,0.995
2024-01-31,50.0,1909.0,38.18,36.2032,38.39,1.055,0.995
2024-02-22,35.0,1344.55,38.4157,36.1304,38.33,1.063,1.002
2024-02-22,40.0,1525.2,38.13,36.1304,38.33,1.055,0.995
2024-02-22,50.0,1906.5,38.13,36.1304,38.33,1.055,0.995
2024-03-18,210.0,7986.3,38.03,36.334,38.47,1.047,0.989
2024-03-19,150.0,5715.0,38.1,36.334,38.47,1.049,0.99
2024-03-19,20.0,762.0,38.1,36.334,38.47,1.049,0.99
2024-04-04,100.0,3853.0,38.53,36.4262,39.4,1.058,0.978
2024-04-04,35.0,1348.55,38.53,36.4262,39.4,1.058,0.978
2024-04-04,40.0,1541.2,38.53,36.4262,39.4,1.058,0.978
2024-04-06,70.0,2704.9,38.6414,36.4262,39.4,1.061,0.981
2024-04-17,70.0,2744.0,39.2,36.4262,39.4,1.076,0.995
2024-04-17,500.0,19600.0,39.2,36.4262,39.4,1.076,0.995
2024-04-17,200.0,7840.0,39.2,36.4262,39.4,1.076,0.995
2024-04-19,120.0,4779.6,39.83,36.4262,39.4,1.093,1.011
2024-04-29,120.0,4705.2,39.21,36.4262,39.4,1.076,0.995
2024-04-30,40.0,1564.4,39.11,36.4262,39.4,1.074,0.993
2024-05-13,100.0,3924.0,39.24,36.5372,40.36,1.074,0.972
2024-05-14,200.0,7852.0,39.26,36.5372,40.36,1.075,0.973
2024-05-19,100.0,3976.0,39.76,36.5372,40.36,1.088,0.985
2024-05-19,150.0,5964.0,39.76,36.5372,40.36,1.088,0.985
2024-06-07,100.0,4024.0,40.24,36.4085,40.23,1.105,1.0
2024-06-07,100.0,4024.0,40.24,36.4085,40.23,1.105,1.0
2024-06-22,53.0,2151.8,40.6,36.4085,40.23,1.115,1.009
2024-06-22,70.0,2842.0,40.6,36.4085,40.23,1.115,1.009
2024-08-09,90.0,3759.3,41.77,36.6259,42.5,1.14,0.983
2024-08-13,40.0,1657.0,41.425,36.6259,42.5,1.131,0.975
2024-08-22,20.0,862.2,43.11,36.6259,42.5,1.177,1.014
2024-08-24,80.0,3473.6,43.42,36.6259,42.5,1.185,1.022
2024-09-24,50.0,2209.5,44.19,36.9086,43.09,1.197,1.026
2024-09-24,80.0,3535.2,44.19,36.9086,43.09,1.197,1.026
2024-09-24,150.0,6628.5,44.19,36.9086,43.09,1.197,1.026
2024-10-11,68.0,3232.0,47.5294,42.5622,52.43,1.117,0.907
2024-11-21,250.0,14242.5,56.97,47.3138,56.2,1.204,1.014
2024-11-21,200.0,11394.0,56.97,47.3138,56.2,1.204,1.014
2024-11-21,400.0,22788.0,56.97,47.3138,56.2,1.204,1.014
2024-12-06,300.0,17187.0,57.29,51.9345,66.25,1.103,0.865
2024-12-12,115.0,6664.25,57.95,51.9345,66.25,1.116,0.875
2024-12-15,100.0,5800.0,58.0,51.9345,66.25,1.117,0.875
2024-12-15,100.0,5800.0,58.0,51.9345,66.25,1.117,0.875
2024-12-27,100.0,6913.0,69.13,51.9345,66.25,1.331,1.043
2025-01-31,130.0,9040.2,69.54,57.9666,68.43,1.2,1.016
2025-01-31,170.0,11821.8,69.54,57.9666,68.43,1.2,1.016
2025-03-20,200.0,17418.0,87.09,69.5664,99.0,1.252,0.88
2025-04-06,20.0,1948.0,97.4,86.8465,108.9,1.122,0.894
2026-02-25,150.0,91860.0,612.4,417.3579,609.9,1.467,1.004
2026-04-07,20.0,12751.6,637.58,487.1192,634.57,1.309,1.005
